<?xml version="1.0" encoding="UTF-8"?>
<!DOCTYPE mapper PUBLIC "-//mybatis.org//DTD Mapper 3.0//EN" "http://mybatis.org/dtd/mybatis-3-mapper.dtd">
<mapper namespace="com.multi.adoptMeow.users.model.dao.UsersMapper">


    <!--로그인 : 여러 권한 테이블 조인 방식으로 바꿀 것-->
    <select id="selectOne" parameterType="usersDTO" resultType="usersDTO">

        select * from users
        where id=#{id}


    </select>

    <select id="selectOneById" resultType="usersDTO">

        select

        a.no,
        a.user_category,
        a.id,
        a.pw,
        a.name,
        a.tel,
        a.created_date

        from users a

        left join users_category b on (a.user_category = b.c_code)
        left join users_authority c on (b.c_code = c.authority_code)

        where a.id=#{usersId}

    </select>

    <select id="selectCategoryList" resultType="usersCategoryDTO">

        select * from users_Category

    </select>

    <insert id="insertUser" parameterType="usersDTO">

        insert into users
        VALUES(NULL, #{userCategory}, #{id},#{pw},#{name},#{tel},NOW())

    </insert>

    <update id="updateUser" parameterType="usersDTO">

        update users
        set
        user_category=#{userCategory},
        id=#{id},
        pw=#{pw},
        name=#{name},
        tel=#{tel}

        where no=#{no}


    </update>


</mapper>











